{
  "benchmark": "context-pipeline-text-vs-binary",
  "version": 2,
  "timestamp": "2026-04-09T18:21:52.171Z",
  "hardware": {
    "runner": "Jetson1 (arm64, Linux 5.15)",
    "target": "DGX GB10",
    "embedModel": "nemotron-embed (nemotron-embed-1b-v2)",
    "embedPort": 8004,
    "embedDim": 2048,
    "embedMaxTokens": 512,
    "genModel": "nemotron3-super (Nemotron-3-Super-120B-A12B)",
    "genPort": 8001,
    "estimatedBandwidthMBps": 100
  },
  "contextSizes": [
    1000,
    4000,
    16000,
    32000,
    64000,
    128000
  ],
  "results": [
    {
      "contextSizeTokens": 1000,
      "textSizeBytes": 4000,
      "binarySizeBytes": 16384,
      "compressionRatio": 0.244140625,
      "textSerializeMs": 0.0847360000000208,
      "textNetworkMs": 2.04197,
      "textInferenceMs": 2537.98555,
      "textTotalMs": 2540.1122560000003,
      "binaryEncodeMs": 66.62652799999978,
      "binarySerializeMs": 0.04790400000001682,
      "binaryNetworkMs": 2.16384,
      "binaryTotalMs": 68.83827199999979,
      "textFiveHopMs": 12700.561280000002,
      "binaryFiveHopMs": 82.68524799999986,
      "fiveHopSpeedup": 153.60129632797404,
      "textTokensPerSecond": 393.6833884557265,
      "binaryTokensPerSecond": 14526.802764601689,
      "embedChunks": 2,
      "peakRssBytes": 64630784
    },
    {
      "contextSizeTokens": 4000,
      "textSizeBytes": 16000,
      "binarySizeBytes": 65536,
      "compressionRatio": 0.244140625,
      "textSerializeMs": 0.16505600000027698,
      "textNetworkMs": 2.16197,
      "textInferenceMs": 2691.9108619999997,
      "textTotalMs": 2694.237888,
      "binaryEncodeMs": 184.95187199999964,
      "binarySerializeMs": 0.1315519999998287,
      "binaryNetworkMs": 2.65536,
      "binaryTotalMs": 187.73878399999947,
      "textFiveHopMs": 13471.18944,
      "binaryFiveHopMs": 203.8864319999988,
      "fiveHopSpeedup": 66.07202503793916,
      "textTokensPerSecond": 1484.6498959189157,
      "binaryTokensPerSecond": 21306.199575682836,
      "embedChunks": 8,
      "peakRssBytes": 77475840
    },
    {
      "contextSizeTokens": 16000,
      "textSizeBytes": 64000,
      "binarySizeBytes": 262144,
      "compressionRatio": 0.244140625,
      "textSerializeMs": 2.0199039999997694,
      "textNetworkMs": 2.64197,
      "textInferenceMs": 8082.544174000001,
      "textTotalMs": 8087.206048,
      "binaryEncodeMs": 658.788192,
      "binarySerializeMs": 0.36684799999966344,
      "binaryNetworkMs": 4.62144,
      "binaryTotalMs": 663.7764799999997,
      "textFiveHopMs": 40436.03024,
      "binaryFiveHopMs": 688.7296319999983,
      "fiveHopSpeedup": 58.711036031044614,
      "textTokensPerSecond": 1978.4335783007368,
      "binaryTokensPerSecond": 24104.49975570091,
      "embedChunks": 32,
      "peakRssBytes": 81203200
    },
    {
      "contextSizeTokens": 32000,
      "textSizeBytes": 128000,
      "binarySizeBytes": 516096,
      "compressionRatio": 0.24801587301587302,
      "textSerializeMs": 1.0273919999999634,
      "textNetworkMs": 3.2819700000000003,
      "textInferenceMs": 15447.136302,
      "textTotalMs": 15451.445664,
      "binaryEncodeMs": 1584.3717120000001,
      "binarySerializeMs": 0.6942079999971611,
      "binaryNetworkMs": 7.16096,
      "binaryTotalMs": 1592.2268799999972,
      "textFiveHopMs": 77257.22832000001,
      "binaryFiveHopMs": 1628.6475519999858,
      "fiveHopSpeedup": 47.43643167309454,
      "textTokensPerSecond": 2071.003626188592,
      "binaryTokensPerSecond": 20097.63834661556,
      "embedChunks": 63,
      "peakRssBytes": 86233088
    },
    {
      "contextSizeTokens": 64000,
      "textSizeBytes": 256000,
      "binarySizeBytes": 1024000,
      "compressionRatio": 0.25,
      "textSerializeMs": 3.025759999996808,
      "textNetworkMs": 4.5619700000000005,
      "textInferenceMs": 30992.067662,
      "textTotalMs": 30999.655391999997,
      "binaryEncodeMs": 2281.188031999998,
      "binarySerializeMs": 1.3231680000026245,
      "binaryNetworkMs": 12.24,
      "binaryTotalMs": 2294.7512000000006,
      "textFiveHopMs": 154998.27696,
      "binaryFiveHopMs": 2354.003872000011,
      "fiveHopSpeedup": 65.84452931605001,
      "textTokensPerSecond": 2064.5390792478397,
      "binaryTokensPerSecond": 27889.733754142922,
      "embedChunks": 125,
      "peakRssBytes": 92057600
    },
    {
      "contextSizeTokens": 128000,
      "textSizeBytes": 512000,
      "binarySizeBytes": 2048000,
      "compressionRatio": 0.25,
      "textSerializeMs": 5.385055999999167,
      "textNetworkMs": 7.12197,
      "textInferenceMs": 65408.912046,
      "textTotalMs": 65421.419072,
      "binaryEncodeMs": 4551.932767999984,
      "binarySerializeMs": 2.660223999992013,
      "binaryNetworkMs": 22.48,
      "binaryTotalMs": 4577.072991999976,
      "textFiveHopMs": 327107.09536,
      "binaryFiveHopMs": 4682.633887999944,
      "fiveHopSpeedup": 69.85536413561356,
      "textTokensPerSecond": 1956.5457584943047,
      "binaryTokensPerSecond": 27965.470558089077,
      "embedChunks": 250,
      "peakRssBytes": 101535744
    }
  ],
  "summary": {
    "keyInsight": "Binary embeddings are 4x larger in bytes but avoid LLM re-inference at each pipeline hop, yielding massive speedups in multi-hop scenarios",
    "maxFiveHopSpeedup": 153.60129632797404,
    "avgInferenceToEncodeRatio": 17.10354761258385,
    "binaryIsLargerByFactor": 4,
    "inferenceIsBottleneck": true
  }
}